"DP","AD","PC","gene","variant_type","effect","minor_allele_frequency"
160,156,97.5,"NA","intergenic_variant","MODIFIER","NA"
152,148,97.3684210526316,"NA","NA","NA","NA"
137,135,98.5401459854015,"NA","NA","NA","NA"
136,134,98.5294117647059,"NA","NA","NA","NA"
137,133,97.0802919708029,"NA","NA","NA","NA"
264,123,46.5909090909091,"NA","NA","NA","NA"
196,96,48.9795918367347,"NA","NA","NA","NA"
189,186,98.4126984126984,"NA","NA","NA","NA"
178,131,73.5955056179775,"NA","NA","NA","NA"
259,60,23.1660231660232,"NA","NA","NA","NA"
305,74,24.2622950819672,"NA","NA","NA","NA"
485,154,31.7525773195876,"NA","NA","NA","NA"
379,60,15.8311345646438,"NA","NA","NA","NA"
175,51,29.1428571428571,"NA","NA","NA","NA"
162,47,29.0123456790123,"NA","NA","NA","NA"
131,37,28.2442748091603,"NA","NA","NA","NA"
281,99,35.2313167259787,"NA","NA","NA","NA"
303,165,54.4554455445545,"CDK11B","intron_variant","MODIFIER","NA"
314,151,48.0891719745223,"CDK11B","intron_variant","MODIFIER","NA"
320,160,50,"NA","NA","NA","NA"
105,105,100,"NA","NA","NA","NA"
108,107,99.0740740740741,"GNB1","upstream_gene_variant","MODIFIER","NA"
147,123,83.6734693877551,"NA","NA","NA","NA"
247,245,99.1902834008097,"NA","intergenic_variant","MODIFIER","NA"
212,200,94.3396226415094,"NA","NA","NA","NA"
220,210,95.4545454545455,"NA","intergenic_variant","MODIFIER","NA"
226,218,96.4601769911504,"NA","intergenic_variant","MODIFIER","NA"
142,140,98.5915492957746,"NA","intergenic_variant","MODIFIER","NA"
128,127,99.21875,"NA","NA","NA","NA"
136,133,97.7941176470588,"MORN1","intron_variant","MODIFIER","NA"
105,98,93.3333333333333,"WRAP73","intron_variant","MODIFIER","NA"
123,115,93.4959349593496,"NA","NA","NA","NA"
155,151,97.4193548387097,"NA","NA","NA","NA"
180,178,98.8888888888889,"NA","NA","NA","NA"
153,152,99.3464052287582,"NA","NA","NA","NA"
105,105,100,"NA","NA","NA","NA"
101,100,99.009900990099,"NA","NA","NA","NA"
101,101,100,"NA","NA","NA","NA"
262,125,47.7099236641221,"NA","NA","NA","NA"
NA,NA,NA,"NA","NA","NA","NA"
221,119,53.8461538461538,"NA","NA","NA","NA"
182,170,93.4065934065934,"NA","NA","NA","NA"
103,100,97.0873786407767,"NA","NA","NA","NA"
204,189,92.6470588235294,"NA","NA","NA","NA"
221,118,53.393665158371,"NA","NA","NA","NA"
167,165,98.8023952095808,"NA","NA","NA","NA"
198,103,52.020202020202,"NA","NA","NA","NA"
294,291,98.9795918367347,"NA","NA","NA","NA"
181,181,100,"NA","NA","NA","NA"
228,228,100,"NA","NA","NA","NA"
426,208,48.8262910798122,"NA","NA","NA","NA"
156,154,98.7179487179487,"NA","NA","NA","NA"
123,122,99.1869918699187,"NA","NA","NA","NA"
120,120,100,"NA","NA","NA","NA"
130,129,99.2307692307692,"NA","NA","NA","NA"
168,164,97.6190476190476,"NA","NA","NA","NA"
316,313,99.0506329113924,"NA","NA","NA","NA"
107,107,100,"NA","NA","NA","NA"
118,112,94.9152542372881,"NA","NA","NA","NA"
114,113,99.1228070175439,"NA","NA","NA","NA"
266,263,98.8721804511278,"NA","NA","NA","NA"
137,135,98.5401459854015,"PRAMEF12","downstream_gene_variant","MODIFIER","NA"
120,117,97.5,"NA","NA","NA","NA"
211,104,49.2890995260664,"PRAMEF30P","downstream_gene_variant","MODIFIER","NA"
191,191,100,"NA","NA","NA","NA"
198,87,43.9393939393939,"NA","NA","NA","NA"
133,132,99.2481203007519,"PRAMEF9","intron_variant","MODIFIER","NA"
270,267,98.8888888888889,"NA","NA","NA","NA"
222,220,99.0990990990991,"NA","NA","NA","NA"
117,117,100,"PLEKHM2","intron_variant","MODIFIER","NA"
138,135,97.8260869565217,"UQCRHL","upstream_gene_variant","MODIFIER","NA"
134,134,100,"NA","NA","NA","NA"
143,130,90.9090909090909,"NA","NA","NA","NA"
117,111,94.8717948717949,"NA","NA","NA","NA"
112,109,97.3214285714286,"NA","NA","NA","NA"
167,158,94.6107784431138,"NA","NA","NA","NA"
477,476,99.79035639413,"ATP13A2","upstream_gene_variant","MODIFIER","NA"
121,50,41.3223140495868,"NA","NA","NA","NA"
140,80,57.1428571428571,"NA","NA","NA","NA"
140,57,40.7142857142857,"NA","intergenic_variant","MODIFIER","NA"
113,98,86.7256637168142,"NA","NA","NA","NA"
107,104,97.196261682243,"CAPZB","intron_variant","MODIFIER","NA"
161,157,97.5155279503106,"CAPZB","3_prime_UTR_variant","MODIFIER","NA"
143,140,97.9020979020979,"CAPZB","3_prime_UTR_variant","MODIFIER","NA"
128,125,97.65625,"NA","NA","NA","NA"
129,128,99.2248062015504,"MICOS10","intron_variant","MODIFIER","NA"
227,111,48.8986784140969,"NA","NA","NA","NA"
174,151,86.7816091954023,"NA","NA","NA","NA"
109,103,94.4954128440367,"NA","NA","NA","NA"
101,92,91.0891089108911,"NA","NA","NA","NA"
218,210,96.3302752293578,"MICOS10","intron_variant","MODIFIER","NA"
235,118,50.2127659574468,"NA","NA","NA","NA"
201,109,54.228855721393,"NA","NA","NA","NA"
142,142,100,"NA","NA","NA","NA"
219,105,47.9452054794521,"NA","NA","NA","NA"
131,131,100,"NA","NA","NA","NA"
118,115,97.4576271186441,"USP48","intron_variant","MODIFIER","NA"
119,119,100,"NA","NA","NA","NA"
108,108,100,"NA","regulatory_region_variant","MODIFIER","NA"
111,110,99.0990990990991,"NA","NA","NA","NA"
305,304,99.672131147541,"NA","NA","NA","NA"
132,132,100,"NA","NA","NA","NA"
163,162,99.3865030674847,"NA","intergenic_variant","MODIFIER","NA"
102,101,99.0196078431373,"NA","NA","NA","NA"
101,94,93.0693069306931,"NA","NA","NA","NA"
108,108,100,"NA","NA","NA","NA"
103,103,100,"NA","NA","NA","NA"
160,151,94.375,"NA","NA","NA","NA"
139,135,97.1223021582734,"NA","intergenic_variant","MODIFIER","NA"
143,133,93.006993006993,"NA","NA","NA","NA"
106,106,100,"NA","NA","NA","NA"
194,193,99.4845360824742,"NA","intergenic_variant","MODIFIER","NA"
223,223,100,"NA","NA","NA","NA"
107,105,98.1308411214953,"NA","NA","NA","NA"
226,218,96.4601769911504,"NA","NA","NA","NA"
114,100,87.719298245614,"NA","NA","NA","NA"
392,391,99.7448979591837,"NA","NA","NA","NA"
267,120,44.9438202247191,"NA","NA","NA","NA"
219,105,47.9452054794521,"STPG1","intron_variant","MODIFIER","NA"
121,119,98.3471074380165,"NA","NA","NA","NA"
123,120,97.5609756097561,"NA","NA","NA","NA"
209,105,50.2392344497608,"NA","NA","NA","NA"
154,152,98.7012987012987,"NA","NA","NA","NA"
1008,498,49.4047619047619,"NA","NA","NA","NA"
236,200,84.7457627118644,"NA","NA","NA","NA"
155,148,95.4838709677419,"NA","NA","NA","NA"
418,210,50.2392344497608,"LDLRAP1","downstream_gene_variant","MODIFIER","NA"
147,147,100,"NA","NA","NA","NA"
107,107,100,"NA","NA","NA","NA"
103,101,98.0582524271845,"NA","NA","NA","NA"
184,180,97.8260869565217,"NA","regulatory_region_variant","MODIFIER","NA"
129,128,99.2248062015504,"NA","intergenic_variant","MODIFIER","NA"
272,131,48.1617647058824,"FAM110D","3_prime_UTR_variant","MODIFIER","NA"
124,123,99.1935483870968,"NA","NA","NA","NA"
184,174,94.5652173913043,"CRYBG2","intron_variant","MODIFIER","NA"
154,52,33.7662337662338,"NA","NA","NA","NA"
242,119,49.1735537190083,"NA","NA","NA","NA"
101,94,93.0693069306931,"NA","NA","NA","NA"
285,126,44.2105263157895,"NA","NA","NA","NA"
129,127,98.4496124031008,"NA","intergenic_variant","MODIFIER","NA"
138,133,96.3768115942029,"NA","intergenic_variant","MODIFIER","NA"
155,142,91.6129032258064,"NA","NA","NA","NA"
110,107,97.2727272727273,"GPN2","intron_variant","MODIFIER","NA"
116,107,92.2413793103448,"NA","NA","NA","NA"
124,120,96.7741935483871,"NA","NA","NA","NA"
287,212,73.8675958188153,"NA","NA","NA","NA"
410,43,10.4878048780488,"NA","NA","NA","NA"
478,45,9.41422594142259,"NA","NA","NA","NA"
161,61,37.888198757764,"NA","NA","NA","NA"
129,129,100,"NA","NA","NA","NA"
331,120,36.2537764350453,"NA","NA","NA","NA"
208,202,97.1153846153846,"NA","NA","NA","NA"
190,182,95.7894736842105,"NA","NA","NA","NA"
113,100,88.4955752212389,"NA","NA","NA","NA"
119,119,100,"NA","NA","NA","NA"
167,167,100,"NA","NA","NA","NA"
147,147,100,"NA","NA","NA","NA"
176,176,100,"NA","downstream_gene_variant","MODIFIER","NA"
120,117,97.5,"NA","NA","NA","NA"
136,135,99.2647058823529,"NA","NA","NA","NA"
126,120,95.2380952380952,"NA","NA","NA","NA"
102,100,98.0392156862745,"CSMD2","intron_variant","MODIFIER","NA"
107,103,96.2616822429907,"CSMD2","intron_variant","MODIFIER","NA"
128,128,100,"CSMD2","intron_variant","MODIFIER","NA"
125,123,98.4,"NA","NA","NA","NA"
107,101,94.392523364486,"NA","NA","NA","NA"
133,132,99.2481203007519,"NA","NA","NA","NA"
104,104,100,"NA","NA","NA","NA"
187,183,97.8609625668449,"NA","NA","NA","NA"
266,266,100,"NA","regulatory_region_variant","MODIFIER","NA"
114,112,98.2456140350877,"NA","NA","NA","NA"
146,145,99.3150684931507,"NA","NA","NA","NA"
178,178,100,"NA","NA","NA","NA"
155,155,100,"NA","NA","NA","NA"
141,140,99.290780141844,"NA","NA","NA","NA"
171,171,100,"NA","NA","NA","NA"
232,232,100,"NA","NA","NA","NA"
130,128,98.4615384615385,"NA","NA","NA","NA"
113,106,93.8053097345133,"NA","NA","NA","NA"
250,249,99.6,"NA","intergenic_variant","MODIFIER","NA"
247,245,99.1902834008097,"NA","intergenic_variant","MODIFIER","NA"
171,171,100,"NA","NA","NA","NA"
161,161,100,"NA","NA","NA","NA"
114,56,49.1228070175439,"OXCT2","intron_variant","MODIFIER","NA"
120,120,100,"NA","NA","NA","NA"
224,109,48.6607142857143,"NA","NA","NA","NA"
118,117,99.1525423728814,"NA","NA","NA","NA"
267,266,99.625468164794,"RLF","intron_variant","MODIFIER","NA"
123,123,100,NA,"intron_variant","MODIFIER","NA"
127,114,89.7637795275591,"ZNF684","intron_variant","MODIFIER","NA"
129,116,89.922480620155,"ZNF684","intron_variant","MODIFIER","NA"
115,115,100,"ZNF684","intron_variant","MODIFIER","NA"
273,247,90.4761904761905,"NA","NA","NA","NA"
237,114,48.1012658227848,"NFYC","intron_variant","MODIFIER","NA"
163,162,99.3865030674847,"NA","NA","NA","NA"
243,242,99.5884773662551,"NA","NA","NA","NA"
242,108,44.6280991735537,"NA","NA","NA","NA"
101,97,96.039603960396,"NA","intron_variant","MODIFIER","NA"
157,156,99.3630573248408,"NA","NA","NA","NA"
198,195,98.4848484848485,"NA","NA","NA","NA"
147,128,87.0748299319728,"NA","NA","NA","NA"
170,167,98.2352941176471,"NA","NA","NA","NA"
164,163,99.390243902439,"TIE1","upstream_gene_variant","MODIFIER","NA"
106,106,100,"NA","NA","NA","NA"
186,184,98.9247311827957,"NA","NA","NA","NA"
141,139,98.5815602836879,"NA","NA","NA","NA"
137,134,97.8102189781022,"NA","NA","NA","NA"
111,111,100,"ST3GAL3","intron_variant","MODIFIER","NA"
121,115,95.0413223140496,"ST3GAL3","intron_variant","MODIFIER","NA"
167,164,98.2035928143713,"NA","NA","NA","NA"
142,142,100,"NA","NA","NA","NA"
192,188,97.9166666666667,"NA","NA","NA","NA"
158,157,99.3670886075949,"NA","NA","NA","NA"
142,138,97.1830985915493,"NA","NA","NA","NA"
176,176,100,"NA","NA","NA","NA"
247,246,99.5951417004049,"TESK2","intron_variant","MODIFIER","NA"
109,108,99.0825688073395,"NA","NA","NA","NA"
118,118,100,"NA","NA","NA","NA"
140,140,100,"NA","NA","NA","NA"
105,104,99.0476190476191,"NA","NA","NA","NA"
102,101,99.0196078431373,"NA","NA","NA","NA"
174,172,98.8505747126437,"NA","NA","NA","NA"
180,177,98.3333333333333,"NA","NA","NA","NA"
211,119,56.3981042654028,"PIK3R3","intron_variant","MODIFIER","NA"
164,160,97.5609756097561,"NA","NA","NA","NA"
161,159,98.7577639751553,"PIK3R3","intron_variant","MODIFIER","NA"
153,153,100,"POMGNT1","non_coding_transcript_exon_variant","MODIFIER","NA"
148,147,99.3243243243243,"NA","NA","NA","NA"
136,97,71.3235294117647,"NA","NA","NA","NA"
103,103,100,"NA","NA","NA","NA"
111,99,89.1891891891892,"NA","NA","NA","NA"
209,206,98.5645933014354,"NA","NA","NA","NA"
215,120,55.8139534883721,"NA","NA","NA","NA"
310,147,47.4193548387097,"NA","NA","NA","NA"
214,213,99.5327102803738,"NA","NA","NA","NA"
179,179,100,"TRABD2B","intron_variant","MODIFIER","NA"
130,129,99.2307692307692,"FAF1","intron_variant","MODIFIER","NA"
116,112,96.551724137931,"FAF1","intron_variant","MODIFIER","NA"
107,107,100,"NA","NA","NA","NA"
318,145,45.5974842767296,"NA","NA","NA","NA"
254,120,47.244094488189,"NRDC","intron_variant","MODIFIER","NA"
101,101,100,"NA","NA","NA","NA"
144,141,97.9166666666667,"NA","NA","NA","NA"
218,105,48.1651376146789,"NA","NA","NA","NA"
123,119,96.7479674796748,"NA","NA","NA","NA"
261,137,52.4904214559387,"NA","NA","NA","NA"
160,151,94.375,"NA","NA","NA","NA"
135,134,99.2592592592593,"NA","NA","NA","NA"
196,195,99.4897959183673,"NA","NA","NA","NA"
139,138,99.2805755395683,"NA","NA","NA","NA"
115,113,98.2608695652174,"NA","NA","NA","NA"
110,108,98.1818181818182,"NA","NA","NA","NA"
134,133,99.2537313432836,"NA","NA","NA","NA"
171,171,100,"NA","intron_variant","MODIFIER","NA"
101,101,100,"NA","NA","NA","NA"
189,189,100,"NA","NA","NA","NA"
155,155,100,"NA","NA","NA","NA"
102,102,100,"NA","NA","NA","NA"
242,197,81.404958677686,"NA","NA","NA","NA"
202,198,98.019801980198,"NA","NA","NA","NA"
110,106,96.3636363636364,"NA","NA","NA","NA"
133,130,97.7443609022556,"NA","NA","NA","NA"
190,50,26.3157894736842,"NA","NA","NA","NA"
202,53,26.2376237623762,"NA","NA","NA","NA"
207,49,23.6714975845411,"LINC01358","intron_variant","MODIFIER","NA"
203,44,21.6748768472906,"NA","NA","NA","NA"
205,40,19.5121951219512,"LINC01358","intron_variant","MODIFIER","NA"
210,35,16.6666666666667,"NA","NA","NA","NA"
194,36,18.5567010309278,"NA","NA","NA","NA"
199,48,24.1206030150754,"NA","NA","NA","NA"
321,321,100,"NA","NA","NA","NA"
117,117,100,"NA","NA","NA","NA"
170,166,97.6470588235294,"NA","NA","NA","NA"
178,145,81.4606741573034,"NA","NA","NA","NA"
209,209,100,"NA","NA","NA","NA"
166,166,100,"NA","NA","NA","NA"
102,102,100,"NA","NA","NA","NA"
248,248,100,"NA","NA","NA","NA"
189,188,99.4708994708995,"NA","NA","NA","NA"
154,59,38.3116883116883,"NA","NA","NA","NA"
266,266,100,"KANK4","downstream_gene_variant","MODIFIER","NA"
242,128,52.8925619834711,"NA","NA","NA","NA"
158,158,100,"NA","NA","NA","NA"
378,376,99.4708994708995,"NA","NA","NA","NA"
332,190,57.2289156626506,"NA","NA","NA","NA"
172,165,95.9302325581395,"NA","NA","NA","NA"
107,106,99.0654205607477,"NA","NA","NA","NA"
220,102,46.3636363636364,"NA","NA","NA","NA"
144,143,99.3055555555556,"NA","NA","NA","NA"
148,144,97.2972972972973,"NA","NA","NA","NA"
245,110,44.8979591836735,"NA","NA","NA","NA"
195,97,49.7435897435897,"NA","NA","NA","NA"
105,105,100,"NA","NA","NA","NA"
119,118,99.1596638655462,"JAK1","non_coding_transcript_exon_variant","MODIFIER","NA"
184,91,49.4565217391304,"NA","NA","NA","NA"
300,299,99.6666666666667,"C1orf141","intron_variant","MODIFIER","NA"
224,116,51.7857142857143,"NA","NA","NA","NA"
145,144,99.3103448275862,"NA","NA","NA","NA"
201,72,35.8208955223881,"NA","NA","NA","NA"
171,170,99.4152046783626,"NA","NA","NA","NA"
131,131,100,"NA","regulatory_region_variant","MODIFIER","NA"
136,136,100,"NA","intergenic_variant","MODIFIER","NA"
167,166,99.4011976047904,"NA","NA","NA","NA"
240,238,99.1666666666667,"NA","NA","NA","NA"
231,231,100,"NA","NA","NA","NA"
161,160,99.3788819875776,"NA","NA","NA","NA"
256,256,100,"NA","NA","NA","NA"
243,113,46.5020576131687,"GNG12-AS1","intron_variant","MODIFIER","NA"
357,165,46.218487394958,"NA","NA","NA","NA"
268,119,44.4029850746269,"NA","NA","NA","NA"
244,144,59.0163934426229,"NA","intron_variant","MODIFIER","NA"
233,105,45.0643776824034,"NA","NA","NA","NA"
213,123,57.7464788732394,"NA","NA","NA","NA"
136,136,100,"NA","NA","NA","NA"
108,107,99.0740740740741,"NA","NA","NA","NA"
122,121,99.1803278688525,"NA","NA","NA","NA"
153,153,100,"NEGR1","intron_variant","MODIFIER","NA"
211,98,46.4454976303318,"NA","NA","NA","NA"
186,186,100,"NA","NA","NA","NA"
333,165,49.5495495495495,"NA","NA","NA","NA"
281,280,99.644128113879,"NA","NA","NA","NA"
118,116,98.3050847457627,"NA","NA","NA","NA"
124,124,100,"NA","NA","NA","NA"
102,101,99.0196078431373,"NA","NA","NA","NA"
282,124,43.9716312056738,"NA","intergenic_variant","MODIFIER","NA"
252,128,50.7936507936508,"NA","NA","NA","NA"
315,149,47.3015873015873,"NA","NA","NA","NA"
220,116,52.7272727272727,"NA","NA","NA","NA"
161,161,100,"NA","NA","NA","NA"
285,285,100,"NA","intron_variant","MODIFIER","NA"
134,134,100,"NA","intron_variant","MODIFIER","NA"
141,139,98.5815602836879,"NA","NA","NA","NA"
127,127,100,"NA","NA","NA","NA"
116,104,89.6551724137931,"NA","NA","NA","NA"
137,137,100,"NA","NA","NA","NA"
214,210,98.1308411214953,"NA","NA","NA","NA"
116,111,95.6896551724138,"NA","NA","NA","NA"
174,173,99.4252873563218,"NA","NA","NA","NA"
172,172,100,"NA","NA","NA","NA"
134,133,99.2537313432836,"NA","NA","NA","NA"
122,121,99.1803278688525,"NA","NA","NA","NA"
254,254,100,"NA","NA","NA","NA"
189,173,91.5343915343915,"NA","NA","NA","NA"
227,226,99.5594713656388,"PIGK","intron_variant","MODIFIER","NA"
144,99,68.75,"NA","NA","NA","NA"
233,122,52.3605150214592,"NA","NA","NA","NA"
173,172,99.4219653179191,"NA","NA","NA","NA"
214,212,99.0654205607477,"ZZZ3","intron_variant","MODIFIER","NA"
161,160,99.3788819875776,"USP33","upstream_gene_variant","MODIFIER","NA"
141,122,86.5248226950355,"NA","NA","NA","NA"
159,153,96.2264150943396,"GIPC2","non_coding_transcript_exon_variant","MODIFIER","NA"
209,175,83.7320574162679,"NA","NA","NA","NA"
106,106,100,"NA","NA","NA","NA"
101,100,99.009900990099,"NA","NA","NA","NA"
149,130,87.248322147651,"PTGFR","intron_variant","MODIFIER","NA"
128,128,100,"NA","NA","NA","NA"
283,124,43.8162544169611,"NA","NA","NA","NA"
138,136,98.5507246376812,"ADGRL4","intron_variant","MODIFIER","NA"
136,135,99.2647058823529,"NA","NA","NA","NA"
165,59,35.7575757575758,"NA","NA","NA","NA"
119,119,100,"NA","NA","NA","NA"
235,235,100,"NA","NA","NA","NA"
165,164,99.3939393939394,"NA","NA","NA","NA"
152,152,100,"NA","NA","NA","NA"
107,106,99.0654205607477,"MCOLN2","intron_variant","MODIFIER","NA"
260,260,100,"NA","NA","NA","NA"
250,248,99.2,"NA","NA","NA","NA"
157,157,100,"NA","NA","NA","NA"
127,126,99.2125984251968,"DNAI3","intron_variant","MODIFIER","NA"
154,152,98.7012987012987,"NA","NA","NA","NA"
113,113,100,"DDAH1","intron_variant","MODIFIER","NA"
118,117,99.1525423728814,"NA","NA","NA","NA"
225,78,34.6666666666667,"NA","NA","NA","NA"
149,111,74.496644295302,"NA","NA","NA","NA"
166,166,100,"NA","intergenic_variant","MODIFIER","NA"
182,182,100,"NA","NA","NA","NA"
106,105,99.0566037735849,"NA","intergenic_variant","MODIFIER","NA"
200,199,99.5,"NA","NA","NA","NA"
223,222,99.5515695067265,"NA","NA","NA","NA"
156,155,99.3589743589744,"NA","NA","NA","NA"
160,158,98.75,"NA","NA","NA","NA"
115,112,97.3913043478261,"CLCA1","intron_variant","MODIFIER","NA"
164,164,100,"NA","NA","NA","NA"
111,105,94.5945945945946,"NA","NA","NA","NA"
332,156,46.9879518072289,"NA","NA","NA","NA"
400,207,51.75,"NA","NA","NA","NA"
278,147,52.8776978417266,"NA","NA","NA","NA"
121,121,100,"NA","NA","NA","NA"
185,185,100,"NA","NA","NA","NA"
123,122,99.1869918699187,"NA","intergenic_variant","MODIFIER","NA"
154,153,99.3506493506493,"NA","NA","NA","NA"
163,163,100,"NA","NA","NA","NA"
163,162,99.3865030674847,"NA","intergenic_variant","MODIFIER","NA"
308,154,50,"NA","NA","NA","NA"
112,112,100,"NA","NA","NA","NA"
280,133,47.5,"NA","NA","NA","NA"
304,46,15.1315789473684,"NA","NA","NA","NA"
277,276,99.6389891696751,"NA","NA","NA","NA"
309,307,99.3527508090615,"NA","intron_variant","MODIFIER","NA"
174,172,98.8505747126437,"NA","NA","NA","NA"
103,103,100,"NA","NA","NA","NA"
251,125,49.800796812749,"NA","NA","NA","NA"
190,190,100,"NA","NA","NA","NA"
136,134,98.5294117647059,"NA","NA","NA","NA"
230,115,50,"NA","NA","NA","NA"
103,101,98.0582524271845,"NA","NA","NA","NA"
106,105,99.0566037735849,"NA","NA","NA","NA"
103,103,100,"NA","NA","NA","NA"
161,159,98.7577639751553,"LRRC8D","intron_variant","MODIFIER","NA"
125,123,98.4,"NA","NA","NA","NA"
134,133,99.2537313432836,"NA","NA","NA","NA"
106,106,100,"NA","NA","NA","NA"
219,107,48.8584474885845,"NA","NA","NA","NA"
173,173,100,"TGFBR3","intron_variant","MODIFIER","NA"
NA,NA,NA,"NA","NA","NA","NA"
129,129,100,"BRDT","intron_variant","MODIFIER","NA"
111,110,99.0990990990991,"NA","NA","NA","NA"
140,139,99.2857142857143,"NA","NA","NA","NA"
198,104,52.5252525252525,"NA","NA","NA","NA"
145,145,100,"NA","NA","NA","NA"
181,180,99.4475138121547,"NA","NA","NA","NA"
141,121,85.8156028368794,"NA","NA","NA","NA"
126,126,100,"NA","NA","NA","NA"
143,139,97.2027972027972,"NA","NA","NA","NA"
130,128,98.4615384615385,"NA","NA","NA","NA"
315,314,99.6825396825397,"MTF2","intron_variant","MODIFIER","NA"
166,165,99.3975903614458,"TMED5","non_coding_transcript_exon_variant","MODIFIER","NA"
175,175,100,"NA","NA","NA","NA"
173,173,100,"NA","NA","NA","NA"
228,227,99.5614035087719,"NA","NA","NA","NA"
111,110,99.0990990990991,"BCAR3","intron_variant","MODIFIER","NA"
131,131,100,"NA","NA","NA","NA"
179,178,99.4413407821229,"NA","NA","NA","NA"
110,110,100,"NA","NA","NA","NA"
216,157,72.6851851851852,"NA","NA","NA","NA"
305,304,99.672131147541,"NA","NA","NA","NA"
185,59,31.8918918918919,"NA","NA","NA","NA"
312,156,50,"NA","intergenic_variant","MODIFIER","NA"
203,202,99.5073891625616,"NA","NA","NA","NA"
184,184,100,"NA","NA","NA","NA"
102,102,100,"NA","NA","NA","NA"
117,112,95.7264957264957,"NA","NA","NA","NA"
265,131,49.4339622641509,"NA","NA","NA","NA"
183,103,56.2841530054645,"NA","NA","NA","NA"
178,178,100,"NA","NA","NA","NA"
191,98,51.3089005235602,"NA","NA","NA","NA"
120,43,35.8333333333333,"NA","NA","NA","NA"
111,50,45.045045045045,"NA","NA","NA","NA"
310,307,99.0322580645161,"NA","NA","NA","NA"
110,110,100,"NA","NA","NA","NA"
248,245,98.7903225806452,"NA","NA","NA","NA"
120,119,99.1666666666667,"PLPPR5-AS1","intron_variant","MODIFIER","NA"
196,194,98.9795918367347,"NA","NA","NA","NA"
121,120,99.1735537190083,"NA","NA","NA","NA"
164,163,99.390243902439,"NA","intergenic_variant","MODIFIER","NA"
113,113,100,"NA","NA","NA","NA"
214,214,100,"NA","downstream_gene_variant","MODIFIER","NA"
102,102,100,"NA","NA","NA","NA"
148,146,98.6486486486486,"NA","NA","NA","NA"
198,195,98.4848484848485,"NA","NA","NA","NA"
140,140,100,"NA","NA","NA","NA"
123,123,100,"NA","NA","NA","NA"
210,210,100,"NA","NA","NA","NA"
126,125,99.2063492063492,"NA","NA","NA","NA"
122,113,92.6229508196721,"NA","NA","NA","NA"
403,192,47.6426799007444,"NA","NA","NA","NA"
133,133,100,"NA","NA","NA","NA"
302,167,55.2980132450331,"NA","NA","NA","NA"
357,352,98.5994397759104,"NA","NA","NA","NA"
138,134,97.1014492753623,"NA","NA","NA","NA"
118,117,99.1525423728814,"NA","NA","NA","NA"
130,130,100,"NA","NA","NA","NA"
136,133,97.7941176470588,"NA","NA","NA","NA"
199,195,97.9899497487437,"VAV3-AS1","intron_variant","MODIFIER","NA"
142,142,100,"NA","NA","NA","NA"
135,135,100,"NA","NA","NA","NA"
173,173,100,"NA","NA","NA","NA"
258,258,100,"NA","NA","NA","NA"
123,122,99.1869918699187,"NA","NA","NA","NA"
125,125,100,"TAF13","intron_variant","MODIFIER","NA"
185,95,51.3513513513514,"TAF13","intron_variant","MODIFIER","NA"
275,141,51.2727272727273,"NA","NA","NA","NA"
267,264,98.876404494382,"NA","NA","NA","NA"
169,166,98.2248520710059,"NA","NA","NA","NA"
193,181,93.7823834196891,"NA","NA","NA","NA"
191,188,98.4293193717277,"NA","NA","NA","NA"
148,148,100,"NA","NA","NA","NA"
133,133,100,"NA","NA","NA","NA"
204,107,52.4509803921569,"NA","NA","NA","NA"
193,102,52.8497409326425,"NA","NA","NA","NA"
165,165,100,"NA","NA","NA","NA"
130,120,92.3076923076923,"LINC01768","upstream_gene_variant","MODIFIER","NA"
217,95,43.778801843318,"LINC01768","intron_variant","MODIFIER","NA"
210,117,55.7142857142857,"NA","NA","NA","NA"
113,113,100,"LINC01768","intron_variant","MODIFIER","NA"
129,127,98.4496124031008,"LINC01768","intron_variant","MODIFIER","NA"
158,155,98.1012658227848,"NA","NA","NA","NA"
277,154,55.5956678700361,"NA","NA","NA","NA"
515,251,48.7378640776699,"NA","NA","NA","NA"
338,337,99.7041420118343,"NA","NA","NA","NA"
179,167,93.2960893854749,"NA","NA","NA","NA"
244,113,46.3114754098361,"KCNC4","intron_variant","MODIFIER","NA"
350,168,48,"NA","NA","NA","NA"
249,244,97.9919678714859,"NA","NA","NA","NA"
276,152,55.0724637681159,"NA","NA","NA","NA"
172,170,98.8372093023256,"NA","NA","NA","NA"
132,131,99.2424242424242,"WDR77","intron_variant","MODIFIER","NA"
267,143,53.5580524344569,"RNU6-792P","intron_variant","MODIFIER","NA"
168,167,99.4047619047619,"NA","NA","NA","NA"
318,147,46.2264150943396,"INKA2","3_prime_UTR_variant","MODIFIER","NA"
141,141,100,"NA","NA","NA","NA"
165,164,99.3939393939394,"NA","NA","NA","NA"
224,113,50.4464285714286,"KCND3","intron_variant","MODIFIER","NA"
236,115,48.728813559322,"LINC01750","non_coding_transcript_exon_variant","MODIFIER","NA"
237,214,90.295358649789,"NA","NA","NA","NA"
129,129,100,"NA","NA","NA","NA"
102,101,99.0196078431373,"NA","NA","NA","NA"
133,133,100,"NA","NA","NA","NA"
274,135,49.2700729927007,"NA","NA","NA","NA"
105,105,100,"MAGI3","intron_variant","MODIFIER","NA"
170,157,92.3529411764706,"NA","NA","NA","NA"
105,104,99.0476190476191,"NA","NA","NA","NA"
180,85,47.2222222222222,"NA","NA","NA","NA"
204,112,54.9019607843137,"NA","NA","NA","NA"
114,114,100,"NA","NA","NA","NA"
226,103,45.5752212389381,"AMPD1","missense_variant","MODERATE","NA"
156,153,98.0769230769231,"NA","NA","NA","NA"
278,146,52.5179856115108,"NA","NA","NA","NA"
228,113,49.5614035087719,"NA","intergenic_variant","MODIFIER","NA"
131,131,100,"MAB21L3","upstream_gene_variant","MODIFIER","NA"
218,215,98.6238532110092,"NA","NA","NA","NA"
117,114,97.4358974358974,"NA","NA","NA","NA"
289,139,48.0968858131488,"NA","NA","NA","NA"
117,57,48.7179487179487,"NA","NA","NA","NA"
203,102,50.2463054187192,"TRIM45","intron_variant","MODIFIER","NA"
111,107,96.3963963963964,"NA","NA","NA","NA"
104,104,100,"NA","NA","NA","NA"
120,120,100,"NA","NA","NA","NA"
118,116,98.3050847457627,"NA","NA","NA","NA"
177,174,98.3050847457627,"NA","NA","NA","NA"
106,106,100,"NA","NA","NA","NA"
174,174,100,"NA","NA","NA","NA"
210,109,51.9047619047619,"NA","intergenic_variant","MODIFIER","NA"
373,184,49.3297587131367,"NA","NA","NA","NA"
279,131,46.9534050179211,"NA","NA","NA","NA"
144,144,100,"NA","NA","NA","NA"
190,190,100,"NA","NA","NA","NA"
177,176,99.4350282485876,"NA","NA","NA","NA"
138,138,100,"NA","intergenic_variant","MODIFIER","NA"
550,299,54.3636363636364,"NA","NA","NA","NA"
117,51,43.5897435897436,"NA","NA","NA","NA"
164,43,26.219512195122,"NA","NA","NA","NA"
190,46,24.2105263157895,"NA","NA","NA","NA"
268,49,18.2835820895522,"NA","NA","NA","NA"
410,105,25.609756097561,"NA","NA","NA","NA"
597,181,30.3182579564489,"NA","NA","NA","NA"
346,196,56.6473988439306,"NA","NA","NA","NA"
211,111,52.60663507109,"NA","NA","NA","NA"
197,168,85.2791878172589,"NA","NA","NA","NA"
221,174,78.7330316742081,"NA","intron_variant","MODIFIER","NA"
276,80,28.9855072463768,"NA","NA","NA","NA"
378,99,26.1904761904762,"NA","NA","NA","NA"
487,99,20.3285420944559,"NA","NA","NA","NA"
288,117,40.625,"NA","NA","NA","NA"
276,113,40.9420289855072,"NA","NA","NA","NA"
174,135,77.5862068965517,"NA","NA","NA","NA"
270,117,43.3333333333333,"NA","NA","NA","NA"
352,158,44.8863636363636,"NA","NA","NA","NA"
257,107,41.6342412451362,"NA","NA","NA","NA"
302,139,46.0264900662252,NA,"intron_variant","MODIFIER","NA"
286,114,39.8601398601399,"NA","NA","NA","NA"
329,129,39.209726443769,"NA","NA","NA","NA"
188,79,42.0212765957447,"NA","NA","NA","NA"
218,98,44.954128440367,"NA","NA","NA","NA"
540,257,47.5925925925926,"NA","NA","NA","NA"
291,119,40.893470790378,NA,"intron_variant","MODIFIER","NA"
379,147,38.7862796833773,NA,"intron_variant","MODIFIER","NA"
450,181,40.2222222222222,NA,"intron_variant","MODIFIER","NA"
403,98,24.317617866005,"NA","NA","NA","NA"
304,303,99.6710526315789,"SRGAP2B","intron_variant","MODIFIER","NA"
562,199,35.4092526690391,"NA","NA","NA","NA"
638,635,99.5297805642633,"FAM72D","intron_variant","MODIFIER","NA"
1358,712,52.4300441826215,"NA","NA","NA","NA"
1422,501,35.2320675105485,"NA","NA","NA","NA"
146,48,32.8767123287671,"NA","NA","NA","NA"
526,187,35.5513307984791,"NA","NA","NA","NA"
322,40,12.4223602484472,"NA","NA","NA","NA"
589,176,29.8811544991511,"NA","NA","NA","NA"
225,132,58.6666666666667,"NA","NA","NA","NA"
250,249,99.6,"NA","NA","NA","NA"
176,76,43.1818181818182,"NA","NA","NA","NA"
174,90,51.7241379310345,"NA","NA","NA","NA"
164,104,63.4146341463415,"NA","NA","NA","NA"
282,177,62.7659574468085,"NA","NA","NA","NA"
254,160,62.992125984252,"NA","NA","NA","NA"
119,117,98.3193277310924,"NA","NA","NA","NA"
269,148,55.0185873605948,"NA","NA","NA","NA"
206,204,99.0291262135922,"NA","NA","NA","NA"
166,165,99.3975903614458,"NA","NA","NA","NA"
162,101,62.3456790123457,"NA","NA","NA","NA"
134,56,41.7910447761194,"NA","NA","NA","NA"
266,181,68.0451127819549,"NA","NA","NA","NA"
183,118,64.4808743169399,"NA","NA","NA","NA"
212,108,50.9433962264151,"NA","NA","NA","NA"
163,163,100,"NA","NA","NA","NA"
205,202,98.5365853658537,"NA","NA","NA","NA"
262,261,99.618320610687,"NA","NA","NA","NA"
373,371,99.4638069705094,"HYDIN2","intron_variant","MODIFIER","NA"
225,225,100,"HYDIN2","intron_variant","MODIFIER","NA"
311,309,99.3569131832797,"HYDIN2","intron_variant","MODIFIER","NA"
244,240,98.3606557377049,"NA","NA","NA","NA"
464,337,72.6293103448276,"NA","NA","NA","NA"
324,293,90.4320987654321,"NA","NA","NA","NA"
219,134,61.1872146118721,"HYDIN2","intron_variant","MODIFIER","NA"
254,176,69.2913385826772,"NA","NA","NA","NA"
180,179,99.4444444444444,"NA","NA","NA","NA"
147,147,100,"HYDIN2","intron_variant","MODIFIER","NA"
183,179,97.8142076502732,"NA","NA","NA","NA"
230,129,56.0869565217391,"NA","NA","NA","NA"
211,186,88.1516587677725,"NA","NA","NA","NA"
241,239,99.1701244813278,"NA","NA","NA","NA"
152,99,65.1315789473684,"NA","NA","NA","NA"
296,193,65.2027027027027,"NA","NA","NA","NA"
136,135,99.2647058823529,"NBPF13P","intron_variant","MODIFIER","NA"
201,199,99.0049751243781,"NA","NA","NA","NA"
212,44,20.7547169811321,"NA","NA","NA","NA"
271,145,53.5055350553506,"NA","NA","NA","NA"
289,159,55.0173010380623,"NA","NA","NA","NA"
675,116,17.1851851851852,"NA","NA","NA","NA"
411,255,62.043795620438,"NA","intergenic_variant","MODIFIER","NA"
392,260,66.3265306122449,"NA","NA","NA","NA"
281,171,60.8540925266904,"CA14","intron_variant","MODIFIER","NA"
130,129,99.2307692307692,"NA","NA","NA","NA"
112,112,100,"NA","NA","NA","NA"
153,150,98.0392156862745,"NA","NA","NA","NA"
110,102,92.7272727272727,"NA","NA","NA","NA"
111,92,82.8828828828829,"NA","NA","NA","NA"
215,215,100,"NA","NA","NA","NA"
124,123,99.1935483870968,"NA","NA","NA","NA"
219,218,99.5433789954338,"SETDB1","intron_variant","MODIFIER","NA"
107,99,92.5233644859813,"SETDB1","intron_variant","MODIFIER","NA"
110,110,100,"NA","NA","NA","NA"
242,138,57.0247933884297,"ANXA9","intron_variant","MODIFIER","NA"
125,123,98.4,"NA","NA","NA","NA"
152,93,61.1842105263158,"PRUNE1","intron_variant","MODIFIER","NA"
196,124,63.265306122449,"NA","NA","NA","NA"
227,133,58.5903083700441,"PRUNE1","intron_variant","MODIFIER","NA"
202,124,61.3861386138614,"PRUNE1","intron_variant","MODIFIER","NA"
129,128,99.2248062015504,"NA","NA","NA","NA"
180,111,61.6666666666667,"CDC42SE1","intron_variant","MODIFIER","NA"
114,87,76.3157894736842,"NA","NA","NA","NA"
204,204,100,"NA","NA","NA","NA"
188,183,97.3404255319149,"NA","NA","NA","NA"
111,109,98.1981981981982,"NA","NA","NA","NA"
145,82,56.551724137931,"NA","NA","NA","NA"
203,203,100,"NA","NA","NA","NA"
179,176,98.3240223463687,"NA","intergenic_variant","MODIFIER","NA"
136,45,33.0882352941176,"NA","NA","NA","NA"
177,110,62.1468926553672,"RNU6-662P","upstream_gene_variant","MODIFIER","NA"
138,138,100,"NA","NA","NA","NA"
136,136,100,"NA","NA","NA","NA"
178,177,99.438202247191,"RNU6-662P","upstream_gene_variant","MODIFIER","NA"
149,145,97.3154362416107,"NA","NA","NA","NA"
118,116,98.3050847457627,"NA","NA","NA","NA"
139,137,98.5611510791367,"NA","NA","NA","NA"
111,106,95.4954954954955,"NA","NA","NA","NA"
108,108,100,"NA","NA","NA","NA"
258,258,100,"NA","NA","NA","NA"
700,267,38.1428571428571,"NA","NA","NA","NA"
107,106,99.0654205607477,"NA","NA","NA","NA"
174,172,98.8505747126437,"NA","NA","NA","NA"
276,273,98.9130434782609,"NA","NA","NA","NA"
251,246,98.00796812749,"NA","NA","NA","NA"
352,349,99.1477272727273,"NA","NA","NA","NA"
317,312,98.4227129337539,"NA","NA","NA","NA"
154,146,94.8051948051948,"NA","NA","NA","NA"
153,153,100,"NA","NA","NA","NA"
116,108,93.1034482758621,"NA","NA","NA","NA"
159,157,98.7421383647799,"NA","NA","NA","NA"
268,254,94.7761194029851,"NA","NA","NA","NA"
194,183,94.3298969072165,"NA","NA","NA","NA"
283,281,99.2932862190813,"NA","NA","NA","NA"
299,289,96.6555183946488,"NA","NA","NA","NA"
335,119,35.5223880597015,"LCE2D","upstream_gene_variant","MODIFIER","NA"
151,149,98.6754966887417,"LCE2B","upstream_gene_variant","MODIFIER","NA"
193,185,95.8549222797927,"NA","NA","NA","NA"
179,171,95.5307262569832,"NA","NA","NA","NA"
183,180,98.3606557377049,"NA","NA","NA","NA"
154,140,90.9090909090909,"NA","NA","NA","NA"
192,192,100,"NA","NA","NA","NA"
141,138,97.8723404255319,"NA","NA","NA","NA"
215,73,33.953488372093,"NA","NA","NA","NA"
124,123,99.1935483870968,"NA","NA","NA","NA"
254,236,92.9133858267717,"NA","NA","NA","NA"
122,122,100,"NA","NA","NA","NA"
127,127,100,"NA","NA","NA","NA"
113,97,85.8407079646018,"NA","NA","NA","NA"
267,265,99.250936329588,"NA","NA","NA","NA"
107,107,100,"NA","NA","NA","NA"
139,138,99.2805755395683,"NA","NA","NA","NA"
144,139,96.5277777777778,"NA","NA","NA","NA"
342,120,35.0877192982456,"S100A8","non_coding_transcript_exon_variant","MODIFIER","NA"
338,337,99.7041420118343,"NA","NA","NA","NA"
216,121,56.0185185185185,"NA","NA","NA","NA"
161,98,60.8695652173913,"CHTOP","stop_gained","HIGH","NA"
144,88,61.1111111111111,"NA","NA","NA","NA"
322,118,36.6459627329193,"NA","NA","NA","NA"
110,109,99.0909090909091,"NA","NA","NA","NA"
211,209,99.0521327014218,"NA","NA","NA","NA"
128,109,85.15625,"NA","NA","NA","NA"
137,119,86.8613138686131,"NA","NA","NA","NA"
106,105,99.0566037735849,"SHE","intron_variant","MODIFIER","NA"
162,96,59.2592592592593,"NA","NA","NA","NA"
NA,NA,NA,"NA","NA","NA","NA"
287,164,57.1428571428571,"NA","NA","NA","NA"
186,89,47.8494623655914,"NA","NA","NA","NA"
107,107,100,"NA","NA","NA","NA"
177,106,59.8870056497175,"NA","NA","NA","NA"
287,170,59.2334494773519,"NA","NA","NA","NA"
120,120,100,"NA","NA","NA","NA"
109,109,100,"NA","NA","NA","NA"
101,101,100,"NA","NA","NA","NA"
119,117,98.3193277310924,"NA","NA","NA","NA"
187,102,54.5454545454545,"NA","NA","NA","NA"
225,131,58.2222222222222,"SLC50A1","upstream_gene_variant","MODIFIER","NA"
255,180,70.5882352941177,"NA","NA","NA","NA"
114,73,64.0350877192982,"NA","NA","NA","NA"
110,68,61.8181818181818,"NA","NA","NA","NA"
103,100,97.0873786407767,"NA","NA","NA","NA"
103,103,100,"NA","NA","NA","NA"
137,134,97.8102189781022,"ASH1L","intron_variant","MODIFIER","NA"
324,322,99.3827160493827,"GON4L","intron_variant","MODIFIER","NA"
182,181,99.4505494505494,"GON4L","intron_variant","MODIFIER","NA"
273,224,82.0512820512821,"NA","NA","NA","NA"
250,249,99.6,"NA","NA","NA","NA"
194,194,100,"SYT11","intron_variant","MODIFIER","NA"
102,98,96.078431372549,"NA","NA","NA","NA"
166,166,100,"RIT1","3_prime_UTR_variant","MODIFIER","NA"
130,129,99.2307692307692,"NA","NA","NA","NA"
186,186,100,"NA","NA","NA","NA"
122,120,98.3606557377049,"NA","NA","NA","NA"
178,176,98.876404494382,"ARHGEF2-AS1","intron_variant","MODIFIER","NA"
127,125,98.4251968503937,"SSR2","non_coding_transcript_exon_variant","MODIFIER","NA"
179,111,62.0111731843575,"SEMA4A","upstream_gene_variant","MODIFIER","NA"
220,141,64.0909090909091,"NA","NA","NA","NA"
153,99,64.7058823529412,"PAQR6","upstream_gene_variant","MODIFIER","NA"
295,294,99.6610169491525,"TSACC","intron_variant","MODIFIER","NA"
159,151,94.9685534591195,"TSACC","intron_variant","MODIFIER","NA"
127,123,96.8503937007874,"CCT3","intron_variant","MODIFIER","NA"
162,100,61.7283950617284,"MIR9-1HG","intron_variant","MODIFIER","NA"
176,176,100,"NA","NA","NA","NA"
118,113,95.7627118644068,"NA","NA","NA","NA"
262,159,60.6870229007634,"NA","NA","NA","NA"
105,101,96.1904761904762,"NA","NA","NA","NA"
149,89,59.7315436241611,"IQGAP3","missense_variant","MODERATE","NA"
135,83,61.4814814814815,"IQGAP3","synonymous_variant","LOW","NA"
198,185,93.4343434343434,"NA","NA","NA","NA"
182,177,97.2527472527473,"NA","NA","NA","NA"
152,144,94.7368421052632,"NA","NA","NA","NA"
114,105,92.1052631578947,"NA","NA","NA","NA"
103,100,97.0873786407767,"NA","NA","NA","NA"
208,182,87.5,"IQGAP3","intron_variant","MODIFIER","NA"
113,113,100,"NA","NA","NA","NA"
165,163,98.7878787878788,"NA","NA","NA","NA"
292,277,94.8630136986301,"NA","NA","NA","NA"
364,362,99.4505494505494,"HDGF","missense_variant","MODIFIER","NA"
126,108,85.7142857142857,"NA","NA","NA","NA"
213,209,98.1220657276995,"NA","NA","NA","NA"
255,241,94.5098039215686,"NA","NA","NA","NA"
279,236,84.5878136200717,"NA","NA","NA","NA"
111,108,97.2972972972973,"NA","NA","NA","NA"
NA,NA,NA,"NA","NA","NA","NA"
107,107,100,"NA","NA","NA","NA"
215,206,95.8139534883721,"NA","intergenic_variant","MODIFIER","NA"
137,137,100,"NA","NA","NA","NA"
156,94,60.2564102564103,"NA","NA","NA","NA"
138,136,98.5507246376812,"NA","NA","NA","NA"
151,151,100,"NA","NA","NA","NA"
328,324,98.780487804878,"LINC01704","upstream_gene_variant","MODIFIER","NA"
158,104,65.8227848101266,"NA","intergenic_variant","MODIFIER","NA"
389,389,100,"NA","NA","NA","NA"
192,189,98.4375,"NA","regulatory_region_variant","MODIFIER","NA"
369,368,99.7289972899729,"OR10K2","intron_variant","MODIFIER","NA"
105,105,100,"NA","regulatory_region_variant","MODIFIER","NA"
120,120,100,"NA","NA","NA","NA"
288,110,38.1944444444444,"NA","NA","NA","NA"
163,163,100,"SPTA1","3_prime_UTR_variant","MODIFIER","NA"
164,164,100,"NA","NA","NA","NA"
173,172,99.4219653179191,"NA","NA","NA","NA"
114,113,99.1228070175439,"NA","NA","NA","NA"
179,177,98.8826815642458,"NA","NA","NA","NA"
278,273,98.2014388489209,"SPTA1","intron_variant","MODIFIER","NA"
194,193,99.4845360824742,"NA","NA","NA","NA"
108,104,96.2962962962963,"NA","NA","NA","NA"
147,92,62.5850340136054,"NA","NA","NA","NA"
143,94,65.7342657342657,"NA","NA","NA","NA"
278,271,97.4820143884892,"NA","intergenic_variant","MODIFIER","NA"
188,188,100,"NA","NA","NA","NA"
157,154,98.0891719745223,"NA","NA","NA","NA"
103,103,100,"NA","NA","NA","NA"
120,119,99.1666666666667,"NA","NA","NA","NA"
258,108,41.8604651162791,"NA","NA","NA","NA"
281,278,98.932384341637,"NA","intergenic_variant","MODIFIER","NA"
237,143,60.337552742616,"NA","NA","NA","NA"
248,150,60.4838709677419,"NA","NA","NA","NA"
228,129,56.5789473684211,"NA","NA","NA","NA"
180,180,100,"CADM3","intron_variant","MODIFIER","NA"
122,120,98.3606557377049,"NA","NA","NA","NA"
147,147,100,"NA","NA","NA","NA"
210,209,99.5238095238095,"NA","NA","NA","NA"
130,129,99.2307692307692,"NA","NA","NA","NA"
218,134,61.4678899082569,"NA","NA","NA","NA"
262,261,99.618320610687,"NA","NA","NA","NA"
215,135,62.7906976744186,"NA","NA","NA","NA"
105,91,86.6666666666667,"NA","NA","NA","NA"
143,143,100,"NA","NA","NA","NA"
149,148,99.3288590604027,"NA","NA","NA","NA"
246,244,99.1869918699187,"NA","NA","NA","NA"
153,153,100,"NA","NA","NA","NA"
142,141,99.2957746478873,"NA","NA","NA","NA"
170,167,98.2352941176471,"NA","NA","NA","NA"
266,261,98.1203007518797,"ATP1A2","intron_variant","MODIFIER","NA"
189,186,98.4126984126984,"ATP1A2","intron_variant","MODIFIER","NA"
135,135,100,"NA","NA","NA","NA"
135,46,34.0740740740741,"NA","NA","NA","NA"
144,142,98.6111111111111,"NA","NA","NA","NA"
205,117,57.0731707317073,"NA","NA","NA","NA"
208,120,57.6923076923077,"NA","NA","NA","NA"
131,131,100,"NA","NA","NA","NA"
263,261,99.2395437262357,"NA","NA","NA","NA"
207,202,97.5845410628019,"NA","NA","NA","NA"
204,199,97.5490196078431,"CD244","intron_variant","MODIFIER","NA"
171,161,94.1520467836257,"NA","NA","NA","NA"
360,229,63.6111111111111,"NA","NA","NA","NA"
230,137,59.5652173913044,"NA","NA","NA","NA"
212,123,58.0188679245283,"NA","NA","NA","NA"
122,122,100,"NA","NA","NA","NA"
151,150,99.3377483443709,"NA","NA","NA","NA"
363,123,33.8842975206612,"NA","NA","NA","NA"
286,167,58.3916083916084,"NA","NA","NA","NA"
161,157,97.5155279503106,"NA","NA","NA","NA"
337,121,35.9050445103858,"NA","NA","NA","NA"
198,181,91.4141414141414,"NA","NA","NA","NA"
296,172,58.1081081081081,"NA","NA","NA","NA"
333,194,58.2582582582583,"DUSP12","missense_variant","MODERATE","NA"
151,149,98.6754966887417,"ATF6","intron_variant","MODIFIER","NA"
408,396,97.0588235294118,"NA","NA","NA","NA"
293,193,65.8703071672355,"NA","NA","NA","NA"
290,288,99.3103448275862,"NA","NA","NA","NA"
197,190,96.4467005076142,"NOS1AP","intron_variant","MODIFIER","NA"
194,194,100,"NA","NA","NA","NA"
232,133,57.3275862068966,"NA","NA","NA","NA"
139,138,99.2805755395683,"NA","NA","NA","NA"
105,103,98.0952380952381,"DDR2","intron_variant","MODIFIER","NA"
236,50,21.1864406779661,"NA","NA","NA","NA"
139,92,66.1870503597122,"NA","NA","NA","NA"
189,109,57.6719576719577,"NA","NA","NA","NA"
304,192,63.1578947368421,"NA","NA","NA","NA"
166,105,63.2530120481928,NA,"intron_variant","MODIFIER","NA"
120,120,100,"NA","NA","NA","NA"
105,97,92.3809523809524,"NA","intergenic_variant","MODIFIER","NA"
289,285,98.6159169550173,"NA","NA","NA","NA"
138,135,97.8260869565217,"NA","NA","NA","NA"
273,113,41.3919413919414,"NA","NA","NA","NA"
153,99,64.7058823529412,"NA","NA","NA","NA"
127,127,100,"NA","NA","NA","NA"
269,65,24.1635687732342,"NA","NA","NA","NA"
155,93,60,"NA","NA","NA","NA"
178,101,56.7415730337079,"NA","NA","NA","NA"
255,147,57.6470588235294,"NA","NA","NA","NA"
153,150,98.0392156862745,"NA","NA","NA","NA"
112,112,100,"FAM78B","intron_variant","MODIFIER","NA"
360,323,89.7222222222222,"NA","intron_variant","MODIFIER","NA"
141,137,97.1631205673759,"NA","NA","NA","NA"
330,120,36.3636363636364,"NA","NA","NA","NA"
168,166,98.8095238095238,"NA","NA","NA","NA"
154,133,86.3636363636364,"NA","NA","NA","NA"
122,115,94.2622950819672,"NA","NA","NA","NA"
186,180,96.7741935483871,"NA","NA","NA","NA"
189,182,96.2962962962963,"NA","NA","NA","NA"
177,176,99.4350282485876,"NA","intergenic_variant","MODIFIER","NA"
185,183,98.9189189189189,"NA","NA","NA","NA"
152,151,99.3421052631579,"NA","NA","NA","NA"
318,123,38.6792452830189,"NA","NA","NA","NA"
165,104,63.030303030303,"NA","NA","NA","NA"
224,148,66.0714285714286,"NA","NA","NA","NA"
104,103,99.0384615384615,"MPZL1","downstream_gene_variant","MODIFIER","NA"
113,112,99.1150442477876,"MPZL1","downstream_gene_variant","MODIFIER","NA"
109,108,99.0825688073395,"NA","NA","NA","NA"
209,207,99.0430622009569,"ADCY10","intron_variant","MODIFIER","NA"
115,114,99.1304347826087,"NA","NA","NA","NA"
288,284,98.6111111111111,"NA","NA","NA","NA"
140,139,99.2857142857143,"NA","NA","NA","NA"
348,221,63.5057471264368,"NA","NA","NA","NA"
341,200,58.6510263929619,"NA","NA","NA","NA"
277,157,56.6787003610108,"NA","NA","NA","NA"
260,152,58.4615384615385,"NA","NA","NA","NA"
255,252,98.8235294117647,"NA","NA","NA","NA"
267,237,88.7640449438202,"NA","NA","NA","NA"
184,107,58.1521739130435,"NA","NA","NA","NA"
102,101,99.0196078431373,"NA","NA","NA","NA"
286,285,99.6503496503497,"BLZF1","intron_variant","MODIFIER","NA"
298,295,98.993288590604,"BLZF1","intron_variant","MODIFIER","NA"
115,114,99.1304347826087,"NA","NA","NA","NA"
202,201,99.5049504950495,"NA","NA","NA","NA"
564,211,37.4113475177305,"F5","downstream_gene_variant","MODIFIER","NA"
704,425,60.3693181818182,"NA","NA","NA","NA"
224,224,100,"F5","intron_variant","MODIFIER","NA"
293,114,38.9078498293515,"NA","NA","NA","NA"
173,112,64.7398843930636,"NA","NA","NA","NA"
192,105,54.6875,"NA","NA","NA","NA"
169,168,99.4082840236686,"NA","NA","NA","NA"
144,45,31.25,"NA","NA","NA","NA"
137,134,97.8102189781022,"F5","intron_variant","MODIFIER","NA"
135,51,37.7777777777778,"NA","NA","NA","NA"
426,252,59.1549295774648,"NA","NA","NA","NA"
254,251,98.8188976377953,"NA","NA","NA","NA"
309,118,38.1877022653722,"NA","NA","NA","NA"
155,99,63.8709677419355,"NA","NA","NA","NA"
112,112,100,"SELL","intron_variant","MODIFIER","NA"
243,143,58.8477366255144,"NA","NA","NA","NA"
207,207,100,"NA","NA","NA","NA"
227,148,65.1982378854626,"NA","NA","NA","NA"
241,105,43.5684647302905,"NA","NA","NA","NA"
154,154,100,"NA","NA","NA","NA"
261,156,59.7701149425287,NA,"intron_variant","MODIFIER","NA"
355,134,37.7464788732394,"NA","NA","NA","NA"
117,113,96.5811965811966,"NA","NA","NA","NA"
151,95,62.9139072847682,"NA","NA","NA","NA"
165,102,61.8181818181818,"NA","NA","NA","NA"
245,160,65.3061224489796,"NA","NA","NA","NA"
142,97,68.3098591549296,"C1orf112","missense_variant","MODIFIER","NA"
164,94,57.3170731707317,"NA","NA","NA","NA"
119,62,52.1008403361345,"NA","NA","NA","NA"
387,258,66.6666666666667,"C1orf112","intron_variant","MODIFIER","NA"
430,253,58.8372093023256,"NA","NA","NA","NA"
347,202,58.2132564841499,"NA","NA","NA","NA"
152,99,65.1315789473684,"NA","NA","NA","NA"
231,66,28.5714285714286,"NA","NA","NA","NA"
145,93,64.1379310344828,"NA","NA","NA","NA"
149,102,68.4563758389262,"NA","NA","NA","NA"
191,121,63.3507853403141,"NA","NA","NA","NA"
197,194,98.4771573604061,"NA","NA","NA","NA"
189,189,100,"NA","intron_variant","MODIFIER","NA"
296,187,63.1756756756757,"NA","NA","NA","NA"
218,216,99.0825688073395,"NA","NA","NA","NA"
193,191,98.9637305699482,"NA","NA","NA","NA"
273,272,99.6336996336996,"NA","NA","NA","NA"
214,128,59.8130841121495,"NA","NA","NA","NA"
188,187,99.468085106383,"PRRC2C","intron_variant","MODIFIER","NA"
161,160,99.3788819875776,"PRRC2C","intron_variant","MODIFIER","NA"
159,157,98.7421383647799,"NA","NA","NA","NA"
227,208,91.6299559471366,"NA","NA","NA","NA"
259,258,99.6138996138996,"PRRC2C","intron_variant","MODIFIER","NA"
173,171,98.8439306358381,"NA","NA","NA","NA"
310,115,37.0967741935484,"RPL4P3","downstream_gene_variant","MODIFIER","NA"
181,106,58.5635359116022,"NA","upstream_gene_variant","MODIFIER","NA"
142,141,99.2957746478873,"NA","NA","NA","NA"
470,153,32.5531914893617,"NA","NA","NA","NA"
119,118,99.1596638655462,"NA","NA","NA","NA"
114,114,100,"TNN","intron_variant","MODIFIER","NA"
168,165,98.2142857142857,"NA","NA","NA","NA"
151,46,30.4635761589404,"NA","NA","NA","NA"
149,84,56.3758389261745,"NA","NA","NA","NA"
154,46,29.8701298701299,"NA","NA","NA","NA"
301,294,97.6744186046512,"NA","NA","NA","NA"
186,186,100,"NA","NA","NA","NA"
161,100,62.111801242236,"NA","NA","NA","NA"
179,110,61.4525139664804,"NA","NA","NA","NA"
241,144,59.7510373443983,"NA","NA","NA","NA"
180,104,57.7777777777778,"NA","NA","NA","NA"
171,108,63.1578947368421,"NA","NA","NA","NA"
302,174,57.6158940397351,"NA","NA","NA","NA"
147,101,68.7074829931973,"NA","NA","NA","NA"
137,98,71.5328467153285,"NA","NA","NA","NA"
219,128,58.4474885844749,"NA","NA","NA","NA"
598,204,34.1137123745819,"NA","NA","NA","NA"
374,139,37.1657754010695,"NA","NA","NA","NA"
285,106,37.1929824561403,"NA","NA","NA","NA"
178,95,53.3707865168539,"NA","NA","NA","NA"
109,109,100,"NA","NA","NA","NA"
161,99,61.4906832298137,"AXDND1","intron_variant","MODIFIER","NA"
174,174,100,"NA","NA","NA","NA"
412,133,32.2815533980583,"NA","NA","NA","NA"
163,162,99.3865030674847,"NA","NA","NA","NA"
157,91,57.9617834394904,"TDRD5","upstream_gene_variant","MODIFIER","NA"
291,111,38.1443298969072,"NA","NA","NA","NA"
218,123,56.4220183486239,"NA","NA","NA","NA"
231,142,61.4718614718615,"NA","NA","NA","NA"
260,157,60.3846153846154,"NA","NA","NA","NA"
191,111,58.1151832460733,"NA","NA","NA","NA"
112,112,100,"NA","NA","NA","NA"
132,130,98.4848484848485,"NA","NA","NA","NA"
112,112,100,"CEP350","non_coding_transcript_exon_variant","MODIFIER","NA"
155,153,98.7096774193548,"NA","NA","NA","NA"
267,203,76.0299625468165,"NA","NA","NA","NA"
204,197,96.5686274509804,"XPR1","intron_variant","MODIFIER","NA"
158,100,63.2911392405063,"NA","NA","NA","NA"
116,112,96.551724137931,"NA","NA","NA","NA"
167,108,64.6706586826347,"NA","NA","NA","NA"
